{"stats":{"minecraft:crafted":{"minecraft:birch_planks":12,"minecraft:crafting_table":1,"minecraft:stick":4,"minecraft:wooden_pickaxe":1,"minecraft:wooden_axe":1},"minecraft:used":{"minecraft:wooden_axe":5,"minecraft:cobblestone":2,"minecraft:crafting_table":2,"minecraft:wooden_pickaxe":7},"minecraft:custom":{"minecraft:time_since_rest":4582,"minecraft:crouch_one_cm":48,"minecraft:sprint_one_cm":3239,"minecraft:play_time":4582,"minecraft:damage_taken":30,"minecraft:walk_one_cm":4995,"minecraft:sneak_time":77,"minecraft:walk_under_water_one_cm":584,"minecraft:drop":1,"minecraft:jump":47,"minecraft:walk_on_water_one_cm":482,"minecraft:leave_game":2,"minecraft:time_since_death":4582,"minecraft:total_world_time":4582,"minecraft:fall_one_cm":1195,"minecraft:interact_with_crafting_table":3,"minecraft:fly_one_cm":3106},"minecraft:dropped":{"minecraft:birch_log":2},"minecraft:picked_up":{"minecraft:birch_log":9,"minecraft:crafting_table":2,"minecraft:cobblestone":7},"minecraft:mined":{"minecraft:birch_log":7,"minecraft:stone":7,"minecraft:birch_leaves":1,"minecraft:crafting_table":2}},"DataVersion":3955}